customer_id,customer_name,region,age,gender,Customer_since
1,Robin Ward,North,51,Male,2022-07-26
2,Joseph Chapman,East,21,Female,2023-04-21
3,Dr. Alicia Henderson DVM,North,19,Male,2024-03-22
4,Laura King,Central,20,Male,2024-08-03
5,Brian Wheeler,South,18,Female,2023-02-07
6,Kelly Brown,Central,59,Male,2020-02-14
7,Brad Harrison,South,24,Female,2024-07-29
8,Rebecca Harrington,West,58,Female,2022-05-24
9,Kelly Gonzalez,Central,53,Female,2024-02-24
10,Donald Perry,South,25,Male,2021-06-06
11,Carly Branch,South,55,Female,2023-04-17
12,Roy Fowler,Central,49,Female,2020-02-25
13,Chelsey Hunter,East,32,Female,2020-11-04
14,Ryan King,East,57,Female,2024-02-20
15,Frank Fritz,West,34,Female,2020-06-26
16,Jonathan Adams,North,55,Female,2021-08-31
17,John Lopez,West,61,Male,2022-09-18
18,Mr. Jeffrey Griffin PhD,West,25,Male,2024-03-13
19,Brenda Williams,East,39,Male,2021-03-02
20,Kimberly Acosta,North,48,Male,2020-01-15
21,Terri Wilkins,West,64,Female,2020-10-26
22,Bridget Castaneda,West,60,Female,2021-12-30
23,James Harvey,West,67,Male,2021-06-25
24,James Weaver,Central,65,Female,2023-01-28
25,Ashley Collins,Central,41,Female,2020-02-02
26,Edwin Aguilar,South,28,Female,2020-10-27
27,Rodney Armstrong,East,66,Female,2020-07-29
28,Joseph Powell,East,57,Male,2024-06-08
29,Dylan Campbell,North,67,Female,2022-11-23
30,Michael Martinez,East,45,Female,2021-07-25
31,Anthony Perez,South,19,Male,2024-05-29
32,Gary Davis MD,East,39,Male,2023-11-15
33,Jared Hudson,North,39,Female,2020-03-01
34,Emily Bryan,East,37,Male,2022-05-03
35,John Hubbard,South,63,Female,2023-10-14
36,Christopher Thomas,East,49,Female,2021-04-02
37,Megan Fox,South,62,Male,2024-05-26
38,Stephen Martin,West,30,Female,2021-11-20
39,Matthew Hernandez,Central,41,Female,2020-12-23
40,Yvonne Simon,South,39,Female,2021-05-25
41,Roberto Perkins,West,40,Female,2024-10-18
42,Jamie Howard,South,67,Female,2020-05-04
43,Carlos Reeves,West,41,Male,2022-10-18
44,Sandra Goodwin,West,28,Female,2021-01-22
45,William Morris,North,51,Female,2021-11-16
46,Mary Snyder,West,23,Female,2023-03-05
47,Brian Smith,South,55,Male,2023-04-19
48,Justin Owen,North,40,Female,2020-06-13
49,Sharon Alexander,West,38,Female,2022-06-04
50,Matthew Merritt,North,53,Male,2020-12-27
51,Randall Medina,South,66,Male,2023-11-02
52,Michelle Williams,West,45,Female,2022-11-03
53,Taylor Wilson,South,58,Female,2024-11-03
54,Jamie Sherman,Central,64,Male,2022-08-23
55,Barbara Payne,North,55,Female,2022-12-21
56,Susan Sanders,South,63,Male,2024-08-05
57,Lisa Davis,East,62,Female,2023-12-19
58,Melanie Patrick,North,66,Female,2021-01-06
59,Rodney Rodriguez,Central,50,Male,2023-02-12
60,Christopher Obrien,East,46,Male,2023-05-28
61,Connor Huang,West,22,Male,2022-05-10
62,Jeffrey Johnson,West,58,Female,2021-06-02
63,Mindy Gay,East,30,Male,2022-09-10
64,Edward Hill,West,49,Male,2021-03-20
65,Nicole Weeks,Central,46,Male,2021-01-29
66,Juan Lopez,Central,56,Male,2023-11-16
67,Michael Gallagher,Central,54,Female,2021-02-04
68,Alex Walker,West,54,Male,2022-12-23
69,Lance Simpson,North,47,Female,2020-12-30
70,Christopher Marshall,Central,57,Male,2021-12-10
71,Karen Acevedo,West,25,Female,2023-11-16
72,Kimberly Walsh,East,23,Male,2022-03-03
73,Troy Hicks,North,20,Male,2024-07-13
74,Gregory Miller,East,57,Male,2024-09-11
75,Kelsey Reed,North,44,Female,2024-10-04
76,Monica Ross,North,67,Male,2022-01-24
77,Melissa Flores,Central,69,Female,2023-11-04
78,Kimberly Walton,Central,28,Female,2020-03-05
79,Karen Myers,Central,63,Male,2024-09-24
80,Sophia Drake,North,59,Male,2023-05-24
81,Christopher Carter,North,25,Male,2022-03-11
82,Steven Stephens,Central,68,Female,2022-01-29
83,Juan Harper,North,41,Male,2021-03-08
84,Christian Lee,South,29,Male,2021-12-26
85,Thomas Young,East,29,Male,2021-01-22
86,Ruben Simmons,East,50,Female,2022-12-02
87,Marcus Lucas,West,65,Male,2021-05-19
88,Jodi Velazquez,North,47,Male,2024-05-01
89,Timothy Fernandez,West,57,Male,2022-07-18
90,Karen Luna,West,35,Male,2024-07-10
91,Matthew Hamilton,Central,24,Male,2020-01-30
92,Pamela Gordon,North,51,Male,2020-05-03
93,Dean Rogers,South,51,Female,2022-08-12
94,Michael Tran,West,52,Female,2021-05-08
95,David Hill,West,68,Female,2020-12-16
96,Seth Santiago,West,28,Female,2023-11-18
97,Jennifer Campbell,West,55,Male,2022-09-03
98,Jason Brown,Central,46,Male,2023-12-12
99,Richard Roman,East,54,Male,2020-05-29
100,Melanie Hill,North,26,Male,2022-12-05
101,Kayla Copeland,West,57,Female,2023-06-21
102,Traci Williams,East,62,Male,2021-05-11
103,Christopher Simon,South,59,Male,2022-09-05
104,Amy Roach,South,32,Male,2023-11-03
105,Carolyn Harris,North,48,Male,2023-05-24
106,Madison Evans,South,51,Female,2021-01-27
107,Raymond Griffin,East,67,Male,2021-10-15
108,Sharon Underwood,East,62,Female,2024-05-17
109,Jessica Brown,West,42,Male,2021-10-16
110,Janice Salazar,West,44,Male,2020-01-20
111,Susan Fields,Central,45,Female,2022-12-08
112,Diana Jones,West,22,Female,2024-09-23
113,Christina Boyd,Central,27,Male,2021-04-27
114,Daniel Perez,East,45,Female,2020-09-20
115,Tamara Jones,East,46,Female,2022-10-04
116,Samantha Hood,East,66,Female,2023-08-16
117,Tamara Pennington,South,63,Male,2023-03-18
118,Donald Brown,East,49,Male,2020-10-28
119,Adam Valencia,North,42,Male,2023-12-14
120,Mr. Gerald Carter,West,39,Male,2021-09-20
121,Michelle Johnson,East,18,Male,2022-06-10
122,Jacob Proctor,East,36,Female,2022-06-03
123,Jacqueline Cooper,East,65,Male,2020-02-15
124,Jennifer Dunlap,Central,32,Female,2022-05-04
125,Anna Tanner,East,22,Male,2022-12-04
126,John Flores,North,44,Male,2020-11-27
127,Joshua Cortez,South,42,Male,2022-01-14
128,Natalie Mccarthy,West,50,Male,2020-10-23
129,Calvin Garcia,West,37,Female,2021-07-13
130,Christopher Lawrence,East,22,Male,2020-05-29
131,David Newton,South,58,Female,2021-02-26
132,Robert Allen,South,20,Male,2021-08-15
133,Calvin Walker,South,28,Male,2021-01-07
134,Brandon Wood,South,29,Female,2024-10-24
135,Rita King,South,56,Male,2023-02-02
136,Lance Williams,Central,45,Male,2023-12-04
137,Joseph Patel,North,48,Female,2023-09-12
138,Jonathan Lawrence,South,49,Male,2020-07-09
139,Bradley Fernandez,West,62,Female,2020-05-03
140,Lynn Villegas,Central,39,Female,2021-05-11
141,Ashley Perry,Central,49,Female,2020-07-18
142,Susan Jones,North,60,Female,2020-04-08
143,Michael Hawkins,North,21,Female,2023-01-29
144,Cody Thomas,North,24,Female,2023-06-07
145,Daniel Allen,West,38,Female,2021-01-02
146,Tiffany Roth,West,41,Male,2020-12-02
147,Trevor Wilson,North,57,Male,2022-03-02
148,Dana Young,South,33,Male,2024-10-26
149,Sandra Lane,East,28,Female,2021-12-31
150,Jennifer Estrada,West,49,Female,2023-08-27
151,David Page,South,60,Female,2021-06-08
152,Leah Donaldson,South,24,Male,2020-05-06
153,Jesse Moore,Central,24,Female,2023-03-30
154,Dale Martin,North,50,Male,2020-06-18
155,Theresa Johnson,East,50,Female,2020-06-23
156,Victor Osborn,East,53,Female,2023-03-12
157,Edwin Smith,East,42,Male,2022-09-15
158,Roy Bush,West,46,Female,2023-10-30
159,Linda Miller,West,54,Female,2022-03-23
160,Yvette Henry,East,38,Female,2020-07-05
161,Alex Martin,West,56,Male,2024-05-26
162,Melanie Pollard,West,59,Male,2021-05-04
163,Chelsea Lopez,West,37,Female,2021-11-03
164,Kathryn Graves,West,51,Male,2022-04-16
165,Nicole Hurley,South,32,Female,2024-03-17
166,Cheryl Collins,North,45,Male,2022-02-15
167,Anna Evans,Central,23,Male,2020-10-10
168,Christina Huffman,East,51,Male,2024-05-13
169,Susan Li,East,40,Female,2024-08-13
170,Sheryl Rose,North,33,Female,2022-11-25
171,Donald Smith,South,29,Female,2022-02-28
172,Victor Jackson,South,52,Female,2023-10-15
173,Jennifer Park,South,49,Male,2020-06-20
174,Mary Ross,West,35,Female,2022-11-07
175,Jasmine Hamilton,West,48,Female,2023-05-13
176,Joel Allen,Central,19,Female,2020-02-15
177,Cassandra Wright,East,45,Male,2020-06-19
178,Kimberly Mitchell,South,32,Female,2022-12-15
179,Lisa Johnson,North,36,Male,2024-02-16
180,Dr. Mary Larson,Central,42,Male,2024-02-27
181,Robert Mason,East,22,Male,2022-03-02
182,Stephen Hoffman,South,44,Female,2020-08-03
183,Ryan Martinez,West,23,Male,2023-09-18
184,Jonathan Sanford,East,60,Female,2022-08-06
185,Angela Gregory,North,40,Male,2020-09-23
186,Chase Ross,Central,43,Male,2023-03-29
187,Justin Pace,Central,39,Female,2020-11-16
188,Matthew Gonzalez,West,67,Male,2024-01-27
189,Carlos Bright,East,54,Male,2021-07-11
190,Jessica Flores,East,60,Male,2020-07-01
191,Deanna Suarez,East,21,Male,2024-06-23
192,Aaron Wright,South,21,Male,2024-04-09
193,Paul Conner,East,39,Male,2024-01-31
194,Troy Peterson,West,28,Female,2023-11-01
195,Chelsea Pierce,Central,53,Female,2023-09-29
196,Daniel Mcgee,South,56,Female,2023-03-27
197,Mr. Adam Flores,North,58,Male,2021-09-25
198,Jessica Cherry,North,50,Female,2024-08-21
199,Bianca Olson,East,45,Female,2020-04-11
200,Melissa Bonilla,South,54,Male,2022-12-28
201,Caroline Miller,South,23,Male,2024-02-01
202,Corey Williams,East,45,Male,2023-06-03
203,Jordan Harper,North,65,Female,2024-04-01
204,Angela Watson,North,31,Male,2021-11-24
205,James Johnson Jr.,South,45,Male,2020-04-14
206,April Miller,North,42,Male,2020-05-11
207,Alexandra Moore,East,52,Male,2020-11-27
208,Louis Mathews,Central,67,Female,2023-10-16
209,Charles Schneider,West,48,Male,2020-08-14
210,Ashley Green,West,68,Female,2020-04-23
211,Vanessa Foster,North,42,Male,2023-06-14
212,Lori Herman,East,65,Female,2024-03-21
213,Joseph Sosa,East,38,Female,2020-11-24
214,Larry Chambers,East,66,Female,2020-12-20
215,Noah Brown,West,49,Male,2024-07-14
216,Kayla Cox,Central,48,Female,2022-05-14
217,Sarah Erickson,West,39,Female,2023-04-12
218,Michael Perez,Central,32,Male,2022-02-13
219,Mary Tapia,West,36,Female,2020-09-26
220,Stephanie Smith,South,63,Female,2024-09-28
221,Leslie Logan,North,53,Male,2021-09-16
222,Sarah Romero,South,68,Male,2020-04-02
223,Mrs. Chelsea Smith,West,59,Male,2020-01-21
224,Logan Price,Central,52,Female,2023-10-01
225,David Grimes,Central,66,Female,2021-12-28
226,Mrs. Pamela Garrett,South,34,Female,2024-04-17
227,Bridget Newton,East,19,Male,2021-05-18
228,Sherry Brown,East,59,Female,2022-06-07
229,Joel Peterson,East,63,Female,2020-05-26
230,Brian Nguyen,West,29,Male,2020-07-30
231,Justin Martinez,North,53,Male,2024-03-25
232,Benjamin Snyder,East,67,Female,2022-01-15
233,Edward Boone,South,56,Male,2020-03-10
234,Shannon Johnson,South,34,Female,2020-12-29
235,Clinton Moore,South,21,Male,2020-10-03
236,Joe Preston,East,38,Male,2024-09-16
237,Scott Collins,North,33,Female,2020-06-29
238,Michael Banks,West,23,Male,2020-06-17
239,Haley Jordan,West,37,Male,2023-09-10
240,Jordan Nelson,South,55,Female,2022-03-13
241,Zoe Munoz,South,21,Male,2024-04-15
242,Andrew Arnold,West,64,Male,2021-05-18
243,Emily Watson,South,46,Male,2020-01-26
244,Keith Smith,North,63,Female,2024-03-01
245,Linda Johnson,North,66,Female,2024-04-11
246,Jesse Cox,West,45,Male,2020-08-01
247,Lindsay White,East,65,Male,2021-11-21
248,Jessica Davis,South,52,Male,2023-08-12
249,Diana Ramirez,Central,56,Male,2021-06-01
250,Lawrence Ball,North,23,Male,2023-02-15
251,Jessica Hamilton,West,47,Male,2021-10-13
252,Robert Gonzales,West,36,Female,2024-08-28
253,Tiffany Short,West,48,Female,2023-06-01
254,Adam Wright,Central,51,Female,2021-06-01
255,Amber Mann DVM,Central,25,Male,2021-08-05
256,Lisa Payne,North,22,Male,2022-01-12
257,Luke Lawson,Central,58,Male,2022-06-16
258,Evan Wagner,West,51,Female,2023-01-23
259,Nicholas Nichols,South,67,Female,2023-03-24
260,Robert Ward,West,39,Male,2021-02-25
261,Tammy Gomez,Central,30,Male,2021-01-11
262,Andrew Frank,West,36,Male,2022-07-06
263,Erica Sellers,East,25,Male,2022-03-30
264,Nathan Cook,South,48,Female,2023-03-25
265,Brandon Collins,North,21,Male,2021-02-02
266,Debra Marshall,East,62,Male,2024-05-23
267,Tina Miller,East,57,Female,2024-08-10
268,Joshua Singleton,Central,30,Female,2022-10-29
269,Hayley Mcdonald,West,19,Male,2023-04-26
270,Kyle Moore,West,18,Female,2023-08-14
271,Katherine Bowman,North,37,Female,2020-08-21
272,Charles Anthony,North,60,Female,2020-06-14
273,Mr. Ryan Pitts,West,69,Female,2020-03-26
274,Julie Elliott,North,66,Male,2023-01-18
275,Sabrina Gibson,Central,56,Male,2021-09-07
276,Javier Ochoa,East,47,Male,2023-10-09
277,Yolanda White,South,65,Female,2021-10-06
278,Lindsay Foster,East,43,Female,2022-05-01
279,Joshua Kelley,South,56,Male,2023-08-27
280,George Reynolds,North,67,Male,2022-03-27
281,Lisa Mitchell,South,43,Male,2023-04-23
282,Timothy Howell,Central,51,Male,2022-05-13
283,Michael Payne,East,25,Female,2021-05-08
284,Ronald Bishop,Central,22,Male,2024-02-25
285,Olivia Jackson,East,50,Male,2024-07-17
286,Rachel Roach,East,33,Male,2022-10-27
287,Steven Allen,West,53,Male,2021-10-11
288,Amy Bennett,North,23,Female,2022-03-05
289,Don Reyes,East,31,Male,2023-09-23
290,Carol Fisher,North,59,Female,2021-11-05
291,Gary Peterson,West,21,Female,2022-08-03
292,Joshua Thompson,Central,56,Male,2022-06-17
293,Amanda Gardner,Central,44,Female,2022-06-13
294,Morgan Hamilton,Central,43,Female,2021-03-03
295,Walter Zuniga,South,38,Female,2024-07-05
296,Kelly Williams,North,30,Male,2021-02-16
297,Lauren Le,South,27,Female,2022-12-05
298,Jon Johnson,Central,21,Female,2024-01-24
299,Brian Cantrell,East,69,Male,2021-01-13
300,Tina Obrien,West,20,Male,2022-05-31
301,Andrew Hudson Jr.,North,28,Male,2023-02-04
302,Bethany Cervantes,West,33,Female,2024-06-07
303,Amy Meyer,West,52,Male,2021-08-20
304,Renee Davis,West,26,Male,2021-07-06
305,Brittany Walker,North,37,Male,2022-04-22
306,Philip Meyers,West,56,Male,2021-06-03
307,Theresa Edwards,South,20,Male,2021-06-10
308,Christopher Schmitt,North,21,Male,2024-06-06
309,Carrie Rowe,West,35,Female,2020-04-23
310,Timothy Higgins,North,58,Female,2020-02-21
311,Sarah Ryan,East,36,Female,2024-05-26
312,Brandon Smith,Central,44,Female,2022-05-17
313,Toni Sullivan,Central,18,Female,2020-02-19
314,Douglas Kelly,West,23,Male,2024-04-25
315,Adrian Sims,West,58,Female,2023-04-25
316,Joseph Lawrence,South,62,Female,2022-07-01
317,Diane Baker,East,30,Female,2023-01-23
318,Joy Lee,West,67,Male,2024-02-05
319,Lindsay Hall,West,54,Male,2020-06-17
320,Bryan Higgins,Central,23,Female,2023-07-03
321,Sarah Douglas,West,45,Male,2020-07-02
322,Michelle Hart,South,37,Male,2024-09-27
323,Aaron Thomas,North,40,Female,2022-06-08
324,Gregory Mills,East,32,Male,2024-01-10
325,Manuel Patrick,East,50,Female,2024-07-01
326,Matthew Walker,East,35,Male,2020-01-04
327,Jonathan Wilson,South,58,Male,2022-07-13
328,Stephanie Norris,West,43,Female,2021-03-21
329,Mark Christian,East,59,Female,2020-06-22
330,Dana Mccullough,South,29,Male,2020-01-25
331,Ronald Gill,East,47,Female,2020-09-23
332,Joshua Carroll,East,26,Male,2023-11-15
333,Donna Andrews,Central,37,Male,2021-11-04
334,Erin Shepherd,South,64,Male,2023-05-24
335,John Lane,West,39,Male,2022-04-27
336,Edwin Barnes,North,63,Female,2022-09-03
337,Andrew Davies,West,20,Male,2021-04-25
338,Michelle Campbell,West,49,Male,2024-01-16
339,Michael Chang,West,18,Female,2023-05-03
340,Shannon Burke,West,59,Male,2023-01-26
341,John Esparza,East,49,Male,2024-04-20
342,Raymond Rodriguez,West,64,Female,2024-04-11
343,Tammy Obrien,South,64,Male,2023-04-24
344,Joseph Hernandez,North,27,Female,2023-05-21
345,Sarah Cummings,North,27,Male,2024-05-23
346,Austin Bell,Central,58,Female,2022-04-08
347,Daniel Hughes,North,44,Female,2020-10-04
348,Robert Clark,East,22,Female,2024-04-19
349,Gabriel Coleman,East,30,Female,2021-06-06
350,Melissa Turner,Central,28,Female,2023-11-27
351,David Zamora V,East,64,Female,2022-12-20
352,Tony Vargas,East,52,Female,2024-04-07
353,Virginia Hart,North,67,Male,2020-09-17
354,Christopher Ryan,East,52,Female,2020-05-17
355,Thomas Bush,Central,36,Female,2020-02-09
356,Justin Moreno,East,35,Female,2022-10-29
357,Shannon Ramirez,Central,35,Female,2022-05-19
358,David Clay,Central,54,Male,2021-12-16
359,Erika Rhodes,South,53,Female,2021-02-09
360,Kara Cobb,South,20,Male,2022-01-11
361,Heather Martinez,East,52,Female,2024-02-08
362,Hector King,Central,68,Female,2021-02-23
363,Dale Black,Central,33,Female,2021-11-08
364,Joseph Johnson,South,67,Male,2024-11-04
365,David Shaw,East,38,Female,2024-01-04
366,Shane Clarke,North,64,Female,2020-10-23
367,Dwayne Arellano,East,32,Male,2021-01-21
368,Jack Wheeler,Central,58,Male,2024-01-03
369,Amy Gonzalez,Central,35,Male,2022-10-07
370,Christine Knox,East,53,Female,2024-01-15
371,Jennifer Cole,North,49,Male,2020-11-01
372,Whitney Daniels,Central,50,Female,2024-07-28
373,Robert Barrera,Central,27,Female,2021-03-04
374,Jennifer Castro,East,46,Female,2022-04-14
375,Matthew Ibarra,South,23,Female,2024-10-11
376,Kristen Rodriguez,South,31,Female,2023-12-21
377,Dr. Colton Schneider DDS,North,66,Female,2023-02-17
378,Katherine Snyder,West,31,Female,2021-08-26
379,Mary Johnson,West,44,Female,2021-11-15
380,Desiree Ross,East,26,Male,2024-05-14
381,Alan Choi,Central,26,Female,2020-06-14
382,Mrs. Abigail Cardenas,West,32,Female,2024-09-07
383,Karen Irwin,West,18,Male,2020-12-28
384,Veronica Moreno,West,39,Male,2022-02-19
385,Joshua Ryan,Central,45,Male,2024-05-01
386,Tara Bentley,East,61,Male,2022-04-29
387,Patrick Ramos,South,26,Male,2021-04-30
388,Todd Garcia,South,29,Male,2023-01-24
389,Cody Figueroa,Central,52,Male,2023-10-08
390,Kelly Smith,Central,31,Male,2021-09-18
391,Phyllis Bennett,South,61,Female,2021-09-17
392,Kristen Barajas,East,29,Female,2021-03-03
393,Kenneth Stone,South,20,Female,2022-04-20
394,Lori Roberts,East,35,Female,2020-01-09
395,Alejandra Walton,North,61,Male,2021-02-28
396,Austin Montes,Central,20,Female,2024-08-08
397,Robert Evans,East,31,Female,2024-01-29
398,Katie Hawkins,West,36,Female,2020-08-09
399,Jason Fletcher,West,53,Female,2020-07-01
400,Michelle Smith,Central,66,Male,2021-02-04
401,Jordan Larson,Central,28,Male,2020-08-12
402,Eric Ford,North,46,Male,2022-05-01
403,John Weaver,East,24,Female,2024-03-12
404,Nancy Schneider,South,45,Female,2022-08-19
405,Sheri Nelson,Central,65,Male,2020-10-04
406,Tammy Harvey,South,30,Female,2024-02-26
407,James Collins,East,32,Male,2023-01-08
408,Alan Parks,Central,66,Female,2022-07-09
409,Brian Higgins,South,48,Male,2022-04-26
410,Lauren Burton,West,28,Male,2023-09-25
411,Shelby Farmer,West,52,Male,2021-04-10
412,Nicholas Estrada,South,30,Female,2020-12-06
413,Donald Green,East,29,Male,2020-10-10
414,Michael Miles,North,59,Female,2024-04-06
415,Amber Tran,South,55,Female,2023-09-15
416,Ronald Hawkins,Central,24,Female,2023-05-06
417,Jeremy Spencer,West,26,Male,2023-01-08
418,Michelle Dawson,North,32,Female,2020-09-27
419,Jordan Berry,Central,65,Female,2023-02-13
420,James Gonzalez,East,35,Male,2024-06-25
421,Mary Sullivan,Central,31,Male,2023-02-05
422,Kerry Harris,North,64,Female,2021-05-18
423,Cheyenne Ferguson,West,50,Male,2022-09-13
424,Thomas Sanchez,South,27,Male,2022-10-02
425,James Garcia,West,62,Female,2024-02-29
426,Kevin Garcia,South,53,Male,2023-10-31
427,Tina Chapman,North,69,Male,2020-08-27
428,Jose Mcdaniel,West,37,Male,2023-02-22
429,David Martinez,South,39,Male,2021-07-05
430,Emily Frazier,North,51,Male,2023-10-18
431,William Salazar,West,20,Female,2022-06-19
432,Christian Martin,East,28,Female,2023-01-11
433,Angela Morgan,South,61,Female,2024-08-16
434,Juan Griffin,South,36,Female,2022-09-15
435,Judy Garcia DDS,West,62,Female,2020-03-24
436,Lauren Castillo,East,59,Female,2021-11-11
437,John Brown,South,49,Female,2022-01-21
438,Amy Sanchez,West,43,Female,2023-02-14
439,Lisa Salazar,West,67,Male,2020-02-03
440,Michael Fisher,West,47,Female,2021-02-12
441,Jon Harris,South,29,Female,2021-12-21
442,Jessica Garcia,West,37,Female,2024-10-03
443,Edward Lopez,South,23,Female,2023-03-11
444,Lisa Stevens,North,33,Female,2020-02-09
445,Dr. Kathryn Jacobs,West,62,Male,2021-04-07
446,Christopher Pugh,West,24,Female,2021-02-02
447,Melissa Tucker,North,19,Female,2022-03-15
448,Dalton Randall,North,63,Male,2023-09-29
449,Mackenzie Bowman,West,68,Female,2023-01-06
450,Megan Trevino,West,19,Female,2022-07-26
451,Ronald West,Central,46,Male,2020-07-26
452,Jennifer Morgan,East,69,Male,2022-05-28
453,Michael Hays,Central,64,Female,2021-01-16
454,Jennifer Alvarez,Central,67,Male,2023-11-07
455,Melvin Glover,Central,31,Male,2023-11-20
456,Valerie Mays,West,50,Male,2020-04-06
457,Trevor Snyder,Central,26,Male,2020-06-25
458,Dr. Justin Hale,West,35,Female,2020-10-09
459,Martin King,North,56,Male,2022-05-02
460,Jason Owen,North,56,Male,2021-12-24
461,John Howard,North,40,Female,2024-09-24
462,Nicole Alvarez,North,52,Male,2022-11-13
463,Jonathan Washington,East,43,Male,2022-06-15
464,Benjamin Gates,Central,39,Female,2022-10-12
465,Jeffrey Strickland,West,69,Female,2023-12-07
466,Christine Mcbride,South,30,Male,2022-02-04
467,David Williams PhD,South,55,Female,2021-04-16
468,David Robinson,East,24,Male,2023-07-13
469,Kelly Lopez,Central,21,Male,2020-03-12
470,Robert Allen,Central,48,Female,2023-08-20
471,Shane Bradley,East,23,Female,2022-10-22
472,Timothy Turner,East,49,Female,2021-11-11
473,Julie Griffith,South,59,Female,2020-03-26
474,Erin Mccarty,Central,56,Female,2024-02-01
475,Sara Johnson,South,38,Male,2020-02-02
476,Cody Kelley,East,59,Male,2021-11-03
477,Ryan Mckay,South,29,Male,2022-10-02
478,Thomas Martinez,East,64,Male,2024-04-17
479,Edward Poole,Central,46,Female,2023-01-13
480,Robert Wilson,South,22,Male,2020-10-02
481,Benjamin Porter,Central,20,Male,2022-04-04
482,Craig Kennedy,West,64,Male,2021-01-25
483,Amanda Phillips,North,54,Female,2020-05-12
484,Joel Richardson,East,52,Female,2021-07-16
485,Christina Stewart,Central,51,Female,2024-03-07
486,Sandra Lewis,North,22,Male,2022-10-04
487,Amber Gentry,South,47,Male,2022-07-26
488,Katrina Smith,North,55,Male,2022-08-19
489,Amber Lopez,East,33,Female,2023-06-22
490,Brittany Hubbard,East,64,Male,2024-09-27
491,Christopher Reyes,North,33,Female,2022-08-12
492,William Hess,West,21,Male,2021-06-21
493,Destiny Martin,North,24,Female,2024-02-16
494,Rachel Leon,North,68,Female,2023-04-04
495,Taylor Hernandez,East,19,Male,2022-06-01
496,Jack Phillips,East,68,Male,2023-10-16
497,Sarah Perez,West,33,Female,2023-03-03
498,Shelby Marshall,South,61,Male,2024-02-23
499,Shannon Carter,Central,22,Female,2023-02-22
500,Lisa Wiggins,South,39,Female,2023-09-27
501,Kristen Sullivan,East,49,Female,2023-04-21
502,Larry Brown,North,24,Female,2021-01-30
503,Tina Chambers,West,67,Male,2022-09-10
504,Debra Lee,Central,35,Male,2022-11-08
505,Ronald Anderson,Central,45,Female,2023-08-06
506,Allison Glenn,Central,42,Female,2021-04-26
507,Mrs. Victoria Roberts,South,61,Female,2023-08-25
508,George Kidd,South,58,Female,2020-07-25
509,Kelsey Chapman,East,51,Female,2023-05-15
510,Ashley Jordan,Central,24,Female,2020-03-09
511,Karina Gomez,South,19,Male,2024-02-10
512,Alicia Taylor,East,45,Male,2024-08-25
513,Crystal Williams DDS,North,31,Male,2022-11-01
514,Jason Lee,Central,66,Male,2024-03-17
515,Tiffany Davis,West,19,Female,2021-12-30
516,Mr. Carlos Harrell,East,36,Female,2022-06-19
517,Gina Brown,Central,26,Male,2020-09-02
518,Crystal Moon,East,30,Male,2020-04-10
519,Aaron Ward,South,64,Male,2023-05-05
520,Amy Duncan,South,47,Female,2024-01-04
521,Richard Burns,West,32,Male,2024-08-28
522,Gina Hood,East,36,Male,2021-02-13
523,Lauren Gardner,West,66,Male,2021-11-23
524,Tracey Tyler,Central,42,Female,2024-04-07
525,Jacob Robertson Jr.,Central,61,Male,2024-09-28
526,Carl Williams,North,38,Female,2023-04-04
527,Michelle Ross,West,35,Male,2021-09-09
528,Julie Harris,North,66,Female,2023-10-29
529,Sean Phillips,Central,57,Female,2023-11-10
530,Alexander Peters,West,62,Male,2023-11-13
531,Joseph Lutz,North,40,Female,2023-03-30
532,Samuel Delacruz,West,47,Female,2024-10-13
533,Daniel May,Central,43,Female,2023-12-18
534,Brett Solis,West,33,Male,2022-03-06
535,Peter Potter,West,32,Female,2024-02-10
536,Joshua Howell,Central,39,Male,2022-10-10
537,Denise Hamilton,South,60,Male,2024-04-17
538,Sarah Chavez,South,57,Female,2023-05-11
539,Ashley Hensley,North,21,Female,2024-10-06
540,Zachary Carlson,Central,68,Female,2020-05-16
541,Ashley Ho,East,28,Female,2023-05-02
542,Joshua Hensley,South,69,Male,2023-08-20
543,Billy Allen,South,54,Female,2021-01-31
544,Lauren Tran,South,36,Male,2021-07-02
545,Sonia Welch,West,50,Female,2020-01-13
546,Jose Jackson,West,44,Male,2022-03-02
547,Sharon Murphy,North,57,Male,2024-02-10
548,Renee Blevins,South,48,Female,2020-07-04
549,Andrew Fernandez,Central,42,Male,2023-09-11
550,Tammy Hicks,Central,28,Male,2023-09-30
551,Cynthia Hall,West,42,Male,2021-08-18
552,Seth Boyd,Central,32,Male,2023-07-03
553,Sandra Rojas,North,51,Male,2022-06-05
554,Mary Berry,West,33,Male,2022-05-03
555,Sharon Vincent,West,24,Female,2023-09-07
556,Ethan Andrews,South,28,Female,2022-01-04
557,Max Mayo,South,41,Female,2023-10-08
558,Ryan Gray,North,52,Male,2024-02-16
559,Stephanie Dunn,Central,48,Female,2023-07-26
560,Rose Lopez,East,21,Male,2023-09-17
561,Jesse West,North,19,Male,2021-06-04
562,Danielle Brown,South,65,Female,2021-08-22
563,Timothy Robertson,North,52,Male,2023-10-20
564,Erik Compton,South,53,Male,2020-12-22
565,Kathleen Wise,North,62,Female,2021-08-20
566,Angel Hicks,Central,20,Male,2024-07-27
567,Alyssa Gilmore,East,53,Female,2023-12-23
568,Wayne Fernandez,Central,31,Male,2021-07-11
569,Denise Ford,West,36,Female,2024-01-26
570,Anthony Martin,Central,20,Male,2023-06-22
571,Cynthia May,South,64,Male,2021-09-29
572,Christopher Rogers,East,53,Female,2023-06-17
573,Aaron Johnson,North,33,Male,2021-12-23
574,Emily Frazier,East,59,Male,2023-10-24
575,Scott Hansen,South,34,Female,2021-03-13
576,Wayne Juarez,Central,36,Male,2020-12-14
577,Brian Marshall,West,69,Female,2022-10-12
578,Heather Craig,South,30,Female,2022-07-08
579,Erik Morales,East,44,Male,2020-02-15
580,Theresa Bass,Central,32,Female,2023-04-19
581,Preston Hall,Central,52,Female,2023-09-30
582,Holly Brandt,East,51,Male,2021-11-07
583,Perry Brooks,Central,22,Female,2023-08-30
584,Lisa Young,East,33,Male,2023-10-08
585,Lisa Mckinney,East,19,Female,2023-05-23
586,Lauren King,North,60,Female,2022-07-04
587,Allison Rodriguez,Central,61,Female,2022-10-07
588,Raymond Bell Jr.,West,38,Male,2023-05-26
589,John Vasquez,East,59,Male,2022-09-03
590,Judy Chung,South,64,Male,2021-11-14
591,David Crawford,North,52,Male,2021-01-27
592,Christopher Banks,North,57,Male,2023-11-07
593,Andrea Morales,East,66,Female,2023-11-18
594,Rachel Jones,Central,51,Male,2020-01-17
595,Daniel Davis,South,32,Female,2022-06-01
596,George Rodriguez MD,South,57,Male,2023-12-12
597,Pamela Zamora DDS,North,67,Female,2021-03-31
598,Alfred Pierce,East,51,Female,2021-06-02
599,Dr. Glen Ramsey,North,18,Female,2023-04-20
600,Mary Webster,Central,36,Male,2023-10-05
601,Jenna Lane,East,21,Female,2021-11-30
602,Kenneth Young,East,19,Male,2023-08-31
603,Robert Fuller,Central,26,Female,2024-03-10
604,James Bennett,East,35,Female,2022-09-14
605,Brent Nielsen,South,61,Male,2022-09-18
606,Allen Lee,West,53,Male,2022-05-28
607,Benjamin Farrell,East,38,Male,2024-11-02
608,Sean Jimenez,Central,59,Male,2024-05-19
609,Jeffrey Harris,East,62,Male,2024-02-19
610,Bryan Matthews,Central,67,Female,2020-10-24
611,Marcus Thomas,Central,38,Female,2021-05-09
612,Adam Burns,East,69,Male,2021-04-25
613,Benjamin Brown,South,27,Female,2023-09-09
614,Kenneth Mays,South,37,Male,2023-01-19
615,Christopher Poole,East,63,Female,2024-01-21
616,James Snyder,East,67,Female,2020-06-01
617,Kathleen Scott,South,50,Female,2020-06-03
618,Joseph Clark,West,35,Female,2021-12-10
619,Samantha Kennedy,South,35,Male,2024-09-16
620,Mark Watkins,West,28,Male,2023-09-24
621,Maria Gutierrez,North,37,Female,2022-02-23
622,Luke Kane,South,53,Female,2022-12-17
623,Timothy Williams,North,44,Female,2021-08-12
624,Richard Martinez,North,29,Female,2024-07-18
625,Michael Whitehead,North,22,Male,2024-01-22
626,Benjamin Perez,North,25,Female,2023-05-18
627,Kimberly Roberson,West,44,Male,2020-05-30
628,Peter Chandler,West,44,Female,2021-04-29
629,Kathryn Torres,North,41,Female,2023-04-02
630,Mark Schneider,West,39,Female,2024-06-16
631,Brian Merritt,North,27,Female,2023-10-10
632,Samantha Bartlett,North,18,Male,2022-09-04
633,Austin Burns,West,36,Female,2024-04-18
634,Chris Winters,South,26,Male,2021-12-28
635,Alexis Henderson,Central,29,Male,2023-04-03
636,Brenda Cox,South,69,Female,2023-12-20
637,Diana Silva,North,22,Female,2020-10-03
638,Donna Foster,East,62,Female,2020-12-07
639,Yvonne Walker,South,67,Female,2023-04-27
640,Richard Landry,West,29,Female,2020-07-05
641,Lindsay Wong,East,38,Female,2022-09-09
642,Jason Miller,North,48,Female,2020-07-09
643,Chelsea Rogers,South,35,Female,2024-06-04
644,Kaitlyn Douglas,North,31,Male,2020-02-28
645,Tammie Moore,Central,56,Female,2021-01-19
646,Donald Smith,East,47,Female,2020-07-21
647,Sherry Dickerson,West,58,Female,2022-08-31
648,William Whitaker,South,55,Male,2024-01-30
649,Anthony Scott,East,29,Male,2022-03-18
650,Peggy Rodriguez,North,48,Female,2022-08-14
651,Jillian Haas,Central,26,Female,2022-11-22
652,Chad Ward,Central,67,Female,2020-02-14
653,Clinton Huffman,North,35,Female,2023-05-25
654,Alexander Contreras,Central,21,Male,2024-04-24
655,Abigail Walsh,East,42,Male,2022-02-11
656,Dana Church,North,63,Female,2020-10-06
657,Denise Kerr,South,36,Female,2022-08-29
658,Anne Nolan,Central,66,Female,2021-11-30
659,Tommy Haas,Central,28,Female,2024-01-24
660,David Salinas,North,68,Female,2024-03-24
661,Eric Sanchez,East,24,Female,2020-09-28
662,Justin Vasquez,Central,44,Female,2021-08-28
663,Lucas Oneal,East,53,Female,2020-02-17
664,Debra Beck,Central,58,Female,2020-04-17
665,Brandon Anderson,North,38,Female,2022-07-16
666,Haley Hudson,North,54,Female,2020-08-23
667,Michael Phillips,North,42,Female,2024-08-12
668,John Ramirez,West,46,Female,2022-12-08
669,Melanie Shaw,South,35,Female,2024-03-25
670,Annette Flores,West,69,Male,2023-09-25
671,Joseph Reeves,North,69,Male,2024-01-12
672,Tara Graves,East,37,Male,2021-05-28
673,Gregory Walters,North,65,Female,2022-09-18
674,Raymond Oconnor,Central,44,Female,2021-02-10
675,Craig Mcdaniel,South,48,Female,2022-03-21
676,Jonathan Torres,Central,54,Female,2024-01-24
677,Rachel Jones,Central,55,Female,2021-11-30
678,Jeffrey Campbell,North,63,Male,2021-05-19
679,Pamela Pugh,Central,51,Female,2020-05-02
680,Katrina Miller,West,63,Male,2022-12-18
681,Robert Brown,East,22,Female,2022-05-17
682,Christine Griffin,North,23,Female,2022-12-17
683,Mary Cruz,North,23,Male,2024-02-20
684,Bryan Mendez Jr.,Central,67,Male,2021-12-14
685,Joseph Porter,South,53,Male,2021-10-06
686,Albert Gutierrez,Central,50,Female,2022-05-03
687,Anne Ballard,Central,63,Male,2020-07-01
688,Katrina Rivera,Central,52,Female,2020-01-14
689,Maria Villanueva,West,23,Male,2024-09-22
690,Heather Clements,South,53,Female,2020-08-09
691,Tim Stone,North,67,Female,2022-04-29
692,Dana Romero,East,62,Male,2021-06-18
693,Dylan Bishop,West,19,Female,2021-04-21
694,Andrea Rice,Central,47,Female,2022-11-11
695,Melissa Torres,East,20,Male,2022-08-31
696,Anthony Acosta,South,22,Female,2020-11-14
697,Heather Wood,East,24,Female,2024-04-09
698,Matthew Thomas,North,35,Male,2023-10-11
699,Jennifer Moore,Central,61,Female,2023-08-14
700,William Coleman,South,34,Male,2020-03-07
701,Richard Brown,East,49,Male,2020-05-27
702,Julie Watson,North,56,Female,2021-04-08
703,David Beck,South,35,Male,2021-08-08
704,Bruce Rogers,West,19,Female,2020-11-04
705,John Brown,Central,50,Female,2022-05-28
706,Amber Martinez,South,39,Female,2020-03-24
707,Melissa Morgan,Central,19,Male,2022-08-11
708,John Carter,North,65,Female,2022-04-29
709,Kevin Joyce,Central,50,Female,2023-05-07
710,Clinton Smith,North,40,Female,2022-02-04
711,Lisa Smith,South,45,Female,2022-07-23
712,Mark Williams,South,41,Female,2020-10-02
713,Daniel Coleman,West,21,Female,2023-03-15
714,Kayla Jimenez,East,23,Male,2020-05-30
715,James Austin,West,22,Male,2022-05-02
716,Jennifer Hernandez,East,59,Male,2024-04-29
717,Mary Rodriguez,South,63,Male,2022-11-18
718,Mike Mcknight,West,65,Male,2023-04-28
719,Natasha Quinn,North,47,Female,2022-11-07
720,Cynthia Lee,East,44,Male,2023-02-08
721,Mary Parker,East,30,Male,2024-09-18
722,Kimberly Martinez,Central,35,Male,2021-10-27
723,Lindsay Gomez,Central,46,Male,2021-08-15
724,Janice Wood,Central,31,Male,2022-12-18
725,Maria Sparks,South,68,Female,2023-04-08
726,Carly Jackson,South,51,Female,2023-10-23
727,Megan Holmes,North,67,Male,2022-10-14
728,Jared Wise,West,25,Female,2020-12-23
729,Dr. Michelle Wilson,West,21,Male,2022-09-10
730,Deborah Ross,East,55,Male,2020-11-03
731,Kelly Roberts,East,29,Female,2021-06-26
732,Mary Thompson,West,67,Female,2024-06-21
733,Breanna Rodriguez,East,27,Male,2020-05-12
734,Kevin Ruiz,South,29,Female,2024-04-12
735,April Ferguson,South,60,Female,2020-05-09
736,Adam Black,West,56,Male,2024-08-26
737,Corey Lewis,Central,31,Female,2021-05-24
738,Kathy Garcia,Central,49,Female,2022-12-13
739,Steven Young,North,68,Male,2022-03-01
740,Jonathan Strong,North,31,Female,2022-02-20
741,Charles Jones,North,48,Male,2024-07-25
742,Timothy Hall,North,19,Female,2023-03-13
743,Brenda Meyer,East,58,Female,2023-08-27
744,Angel Stewart,South,27,Male,2021-08-22
745,Nathaniel Willis,North,51,Male,2021-11-03
746,Miss Katherine White,Central,45,Female,2022-03-27
747,Joshua Hall,North,67,Male,2022-11-13
748,Heather Carter,Central,37,Male,2021-05-17
749,Larry Pratt,Central,45,Female,2023-05-24
750,James Hughes,West,60,Female,2020-09-15
751,Christina Morris,West,49,Male,2022-05-12
752,Nicole Wiggins,Central,45,Female,2022-08-23
753,Douglas Moore,North,21,Female,2024-06-11
754,Jermaine Potter,North,63,Female,2022-10-01
755,Donna Mendoza,Central,54,Female,2020-10-21
756,Monica Adams,West,50,Female,2022-06-17
757,Dana Sanders,West,51,Female,2020-12-02
758,Daniel Long,Central,25,Male,2023-09-17
759,Heather Horne,Central,41,Female,2023-01-27
760,Michael Jones,East,43,Male,2022-11-26
761,Michelle Becker,East,34,Female,2024-04-14
762,Stephanie Rivera,North,28,Female,2020-06-05
763,Mario Thomas,Central,45,Male,2023-10-02
764,Joshua Thompson,East,62,Female,2024-10-12
765,Rhonda Erickson,Central,53,Male,2023-02-05
766,Kenneth Cole,South,29,Male,2022-09-28
767,Amy Porter,North,51,Male,2022-09-20
768,Nathan Garcia,North,26,Male,2022-09-25
769,Michael Robinson,North,25,Female,2022-12-21
770,Laurie Jimenez,West,50,Female,2021-05-15
771,Heather Cannon,Central,50,Female,2021-07-17
772,Veronica Smith,North,65,Female,2022-03-07
773,Jose Bailey,Central,57,Male,2021-01-29
774,Johnny Gilmore,South,25,Female,2020-04-24
775,Casey Edwards,West,58,Female,2024-07-30
776,Eric Patterson,East,55,Female,2024-09-24
777,Victoria Davis,Central,39,Male,2023-08-30
778,Patricia Jenkins,Central,56,Male,2022-06-08
779,Michael Smith,East,68,Female,2022-03-20
780,Evelyn White,Central,26,Female,2023-12-17
781,Jennifer Allen,North,20,Female,2023-01-05
782,Abigail Anderson,North,18,Female,2023-07-08
783,Holly Obrien,West,49,Male,2021-12-06
784,Matthew Henderson,Central,26,Female,2022-08-22
785,Joshua Leonard,North,21,Female,2021-02-03
786,Carol Carter,South,65,Male,2020-03-24
787,Danielle Flowers,West,46,Male,2021-07-11
788,Amy Fisher,South,62,Female,2020-10-10
789,Timothy Weeks,Central,36,Female,2021-11-15
790,Jennifer James,West,19,Female,2023-06-07
791,Paul Lambert,South,23,Male,2021-11-21
792,Stephanie Garcia,East,29,Male,2024-05-09
793,Anne Gardner,Central,25,Female,2022-08-19
794,Alexandra Rogers,North,65,Male,2021-05-19
795,Elijah Howard,West,20,Female,2020-08-09
796,Jason Jenkins,West,44,Female,2021-04-03
797,Leah King,Central,26,Female,2021-10-22
798,Joshua Stanton,South,21,Female,2021-11-19
799,Jerry Henry,South,66,Male,2021-09-13
800,Brian Manning,South,27,Male,2020-08-03
801,Lisa Morales,Central,42,Male,2024-09-16
802,Michele Powell,Central,35,Female,2023-06-12
803,David Fuller,Central,62,Male,2023-05-30
804,David Pugh,East,56,Male,2022-07-26
805,Jennifer Lindsey,Central,60,Male,2024-02-22
806,Jennifer Arellano,East,55,Female,2020-08-16
807,Ronald Wilson,East,32,Male,2022-12-15
808,Chad Francis,East,27,Male,2024-06-19
809,Lisa Hubbard,East,64,Female,2022-01-25
810,Joshua Lamb,East,23,Female,2020-10-26
811,Samantha Miller,Central,37,Female,2021-04-22
812,Kendra Burke,East,26,Male,2023-02-22
813,Elizabeth Johnson,North,67,Female,2024-01-13
814,Mark Blake,East,23,Female,2021-04-28
815,Robert Greene,South,18,Male,2022-06-12
816,Anna Nguyen,South,36,Female,2021-04-30
817,Jose Rosales,Central,21,Female,2021-05-30
818,Kathleen Johnson,South,68,Male,2023-12-23
819,Jesse Bennett,West,62,Female,2024-09-17
820,Roberta Jones,Central,38,Male,2023-12-25
821,Ebony Mendez,Central,59,Male,2021-12-28
822,Tracy Rios,West,33,Female,2022-05-26
823,Scott Thomas,East,28,Male,2024-09-27
824,Douglas Smith,North,36,Male,2022-05-15
825,Francisco Ramos,North,66,Female,2024-02-21
826,Kathleen Rivas,Central,21,Male,2023-03-12
827,Daniel Lewis,South,19,Male,2020-08-17
828,Jessica Baker,South,44,Female,2021-06-05
829,Jessica Anderson,North,43,Male,2020-04-05
830,Brian Thompson,West,38,Male,2022-06-22
831,Lindsey Gilbert,South,67,Male,2022-05-01
832,Meghan Hardin,North,32,Female,2024-10-06
833,Lindsay Miller,North,41,Female,2021-12-09
834,Randy Taylor,North,18,Male,2024-04-29
835,Thomas Bennett,North,29,Male,2023-10-20
836,Kristy Mclaughlin,North,45,Female,2021-09-25
837,Sarah Costa,Central,46,Male,2021-11-03
838,Robert Mason,East,26,Female,2023-08-21
839,Jeffery Simmons,West,53,Female,2024-04-05
840,Alicia Martinez,North,63,Male,2023-02-15
841,Kayla Russell,North,52,Male,2020-04-20
842,Dennis Miller,West,53,Male,2024-01-17
843,Deborah Wilson,East,54,Female,2020-08-12
844,Keith Day,East,42,Male,2024-05-25
845,Meghan Davidson,East,44,Female,2022-08-29
846,Paul Johnson,East,20,Male,2024-10-18
847,David Jones,West,36,Female,2020-11-27
848,Barbara Reese,Central,44,Female,2020-06-22
849,John Coleman,West,58,Male,2020-02-18
850,Shannon Hurst,Central,22,Female,2022-08-06
851,Charles Mckee,East,57,Male,2021-02-24
852,Amber Aguirre,North,40,Female,2020-04-17
853,David Stanley,North,52,Female,2022-06-02
854,Jeffrey Schneider,South,30,Female,2022-11-25
855,Cameron Sherman,South,66,Female,2021-08-02
856,Barbara Riggs,East,36,Male,2024-09-13
857,Debra Taylor,Central,20,Female,2023-03-10
858,Jacob Nelson,West,32,Female,2022-11-29
859,Richard Murray,North,48,Female,2023-07-12
860,Michael Evans,West,40,Male,2023-01-18
861,Donald Green,East,26,Male,2023-06-29
862,Elizabeth Oconnor,East,36,Female,2020-05-02
863,Gregory White,West,37,Male,2022-12-30
864,Amanda Lewis,West,38,Female,2020-04-22
865,Barbara Lindsey,South,54,Female,2022-12-09
866,Mrs. Linda Harrison MD,North,27,Male,2021-11-28
867,Clarence King MD,North,34,Male,2022-10-09
868,Ms. Martha Wood,Central,47,Male,2023-03-12
869,Lori Swanson,East,69,Female,2022-03-17
870,Misty Mccormick,West,25,Female,2021-05-01
871,Martin Jones,Central,53,Female,2020-05-24
872,Elizabeth Hall,Central,34,Female,2021-08-31
873,Vanessa Dunn,West,40,Male,2021-06-05
874,Michael Smith,West,20,Female,2020-11-17
875,Jamie White,Central,66,Female,2021-01-21
876,Ryan Bailey,North,52,Male,2024-07-06
877,Melissa Smith,West,50,Female,2022-04-10
878,Vanessa Chandler,South,60,Male,2020-12-24
879,Charles Fuller,West,48,Male,2022-03-29
880,Carlos Nichols,Central,66,Female,2020-05-06
881,Susan Palmer,East,42,Male,2021-01-24
882,Brandi Hoover,East,64,Female,2020-09-01
883,Madison Wilson,Central,66,Male,2021-12-07
884,Ashley Allen,Central,50,Female,2022-02-04
885,Briana Barker,East,54,Female,2023-09-16
886,Todd Dickerson,North,20,Male,2023-12-18
887,Patrick Ford,East,33,Male,2022-09-30
888,Kelly Diaz,East,40,Male,2021-03-02
889,Brandon James,North,60,Male,2020-07-14
890,Holly Davis,West,53,Male,2021-10-19
891,Kimberly Gillespie,North,19,Female,2023-05-25
892,Andrea Barnes,South,34,Female,2023-10-13
893,Kelli Green,Central,20,Female,2024-10-22
894,James Moreno,Central,53,Male,2024-08-29
895,Tommy Lambert,West,56,Female,2024-06-18
896,Barbara Hall,West,60,Male,2022-09-13
897,John Mcdowell,North,48,Female,2020-12-30
898,Lauren Watson,East,50,Female,2021-06-06
899,David Sosa,North,47,Female,2021-08-16
900,John White,West,51,Female,2020-12-28
901,Laurie Travis,North,64,Male,2024-09-07
902,Joseph Chan,West,45,Male,2022-09-04
903,Noah Mendoza,North,20,Male,2020-01-23
904,Hannah Costa,North,55,Female,2022-04-30
905,Antonio Brown,North,18,Male,2024-04-23
906,Peter Drake,East,20,Female,2020-12-10
907,Edgar Lewis,Central,48,Female,2022-01-05
908,Jennifer Joseph MD,West,32,Female,2022-12-02
909,Gerald Gardner,North,62,Female,2021-03-27
910,Spencer Bates,West,53,Female,2023-07-21
911,Catherine Roberson,Central,58,Male,2024-06-01
912,Jeffery Ryan,West,65,Male,2024-08-09
913,Johnny Howe,West,42,Male,2022-03-01
914,Sara Jackson,East,35,Female,2022-12-27
915,Diana Harris,Central,25,Male,2023-02-08
916,Monica Harris,Central,54,Male,2024-05-07
917,Nancy Welch,Central,34,Female,2022-03-27
918,Erin Robinson,South,67,Male,2020-10-04
919,Gabriella Johnson,West,25,Male,2023-03-13
920,Steven White,West,60,Male,2024-05-17
921,Dennis Stone,East,48,Male,2023-08-10
922,Oscar Garcia,East,26,Female,2023-07-02
923,Bethany Anderson,West,50,Male,2022-12-19
924,Morgan Hunt,Central,39,Male,2022-12-07
925,Annette Silva,North,43,Female,2022-10-16
926,Nicole Hernandez,North,23,Female,2023-12-30
927,Dennis Shannon,South,41,Male,2024-05-30
928,Roger Garcia,South,63,Female,2024-04-10
929,Mark Johnston,South,61,Male,2022-02-19
930,Mary Edwards,South,20,Male,2023-09-23
931,Karen Wallace,East,58,Male,2020-09-22
932,Crystal Prince,Central,31,Male,2020-10-03
933,Kathleen Mathews,South,52,Male,2021-04-24
934,Michael Sanchez,West,56,Female,2020-01-31
935,Pamela Snyder,Central,39,Male,2023-03-05
936,Meagan Christensen,North,46,Female,2021-01-17
937,Brittany Cummings,North,54,Female,2023-01-10
938,Tracey Taylor,South,25,Male,2021-08-19
939,Krista Moore,West,60,Female,2024-06-18
940,Brad Johnson,East,69,Male,2023-11-19
941,Deanna Barrett,South,50,Female,2022-12-08
942,Heather Jackson,North,44,Male,2020-11-02
943,Reginald Velasquez,North,42,Female,2021-01-07
944,Sarah Jones,West,24,Female,2022-07-20
945,Elizabeth Daniel,East,63,Male,2024-10-09
946,Gordon Phillips,North,52,Male,2024-04-16
947,Anthony Mcgee,West,49,Female,2020-06-21
948,Ernest Young,North,59,Female,2020-12-21
949,Cynthia Green,West,47,Female,2022-11-16
950,Robert Cohen,East,26,Female,2023-10-20
951,Christine Knight,North,62,Female,2020-03-24
952,Whitney Campos,South,67,Male,2021-05-24
953,Karen Anderson,West,44,Male,2021-02-14
954,Ashley Turner,North,23,Female,2024-06-02
955,Steven Chase,East,55,Female,2022-09-16
956,Karen Hamilton,South,55,Male,2022-05-18
957,Martha Miller,North,59,Male,2022-09-30
958,Kimberly Ramos,South,60,Male,2022-08-28
959,Michael Strong,East,38,Male,2024-09-20
960,Isabella Ross,North,63,Female,2020-07-31
961,Justin Howard,West,45,Female,2020-07-15
962,Barbara Gutierrez,North,18,Female,2023-01-07
963,Mrs. Lisa Torres,South,41,Female,2024-06-04
964,Jorge Bowman,East,62,Male,2023-01-16
965,Nicole Ryan,North,66,Male,2022-05-08
966,Alexa Erickson,North,51,Female,2023-06-21
967,Lawrence Graham,Central,53,Female,2021-05-30
968,Bruce Cook,South,18,Female,2021-12-30
969,Sarah Barron,Central,59,Female,2020-01-17
970,Alyssa Burke,North,35,Male,2022-03-28
971,Angela Acevedo,South,53,Male,2021-11-19
972,Steven Francis,East,35,Female,2023-08-30
973,Kathy Moore,North,31,Female,2024-03-07
974,Joshua Garcia,South,20,Female,2020-01-23
975,Pedro Williams,East,69,Female,2021-12-27
976,Patricia Glover,East,38,Male,2020-11-09
977,Christian Johnston,South,20,Male,2021-01-28
978,Rebecca Jackson,East,39,Female,2023-10-25
979,Sheila Erickson,South,38,Female,2020-11-02
980,Gregory Andrade,North,24,Female,2022-04-22
981,Eric Orozco,North,22,Female,2020-10-23
982,George Hutchinson,North,19,Female,2020-04-19
983,Sara Liu,South,26,Female,2023-08-28
984,Robert Williams,Central,44,Male,2021-07-09
985,Juan Miller,North,30,Female,2020-04-15
986,Jonathan Miller,Central,38,Male,2022-02-24
987,David Wells,South,69,Male,2022-08-21
988,Matthew Escobar,Central,67,Female,2024-04-07
989,Allison Harper,East,37,Male,2024-03-13
990,George Ballard,North,49,Female,2021-03-15
991,John Sellers,West,68,Female,2022-06-29
992,Larry Carter,East,22,Male,2020-03-27
993,Holly Taylor,West,38,Female,2024-03-24
994,Brandon Willis,Central,41,Male,2022-04-14
995,Angela Wood,East,64,Female,2021-10-06
996,Dr. Hannah Pearson,North,52,Male,2020-02-27
997,Alison Ward,South,41,Male,2021-04-04
998,Erica Harmon,Central,33,Female,2021-05-06
999,Amy Jackson,Central,65,Male,2024-08-08
1000,Tyrone Ferrell,Central,42,Female,2024-02-15
